lookback_seconds,threshold_quantile,theta,train_pooled_average_improvement_bps,train_buy_average_improvement_bps,train_sell_average_improvement_bps
3,0.7,3.399833873608907e-05,0.11804448940481088,0.16988612973440112,0.06620284907522063
3,0.8,8.706946729932782e-05,0.04570578957640798,0.08937733276127485,0.002034246391541044
5,0.9,0.00022322823771934175,-0.06341196686281715,0.20512633340893396,-0.3319502671345683
10,0.9,0.00031724876537582544,-0.06399393001007496,0.01985385105926771,-0.14784171107941768
5,0.8,0.00011604127134635292,-0.06751356678097584,0.12709372877636824,-0.26212086233831994
5,0.7,6.123612033400357e-05,-0.09610777355737236,0.021038686736779517,-0.21325423385152423
3,0.9,0.000168704023883892,-0.10849069497202136,0.046866738955759366,-0.26384812889980214
10,0.8,0.00018328295223309551,-0.23175070648319854,-0.1499337009948122,-0.3135677119715849
10,0.7,0.00010606359767536173,-0.23444401604368947,-0.3484008881386187,-0.12048714394876024
