stock,trades,average_improvement,median_improvement,hit_rate,average_improvement_bps,forced_execution_rate
AMZN,270,0.0018148148148145328,0.0,0.43703703703703706,0.08128092689464629,0.014814814814814815
GOOG,270,0.018481481481481515,0.0,0.4222222222222222,0.32298973766330485,0.022222222222222223
INTC,270,0.0016296296296296608,0.0,0.24814814814814815,0.5987828926248249,0.04814814814814815
MSFT,270,0.001851851851851852,0.0,0.26296296296296295,0.601712428967173,0.044444444444444446
