stock,average_improvement
AMZN,0.02271604938271609
GOOG,0.02456790123457082
INTC,0.00012345679012343224
MSFT,0.0004938271604938167
