stock,average_improvement
AMZN,0.006172839506173541
GOOG,0.029753086419749886
INTC,-0.0013580246913577985
MSFT,-0.0028395061728397307
