stock,average_improvement
AMZN,0.08481481481481276
GOOG,0.1275308641975356
INTC,0.004444444444444525
MSFT,0.006666666666666525
