stock_name,average_improvement
AMZN,0.006419753086419529
GOOG,0.011604938271609822
INTC,0.0009876543209875895
MSFT,0.0008641975308641571
