stock_name,avg_improvement_per_trade
AMZN,-0.006172839506173541
GOOG,0.020617283950619587
INTC,0.0018518518518518782
MSFT,0.0009876543209875455
