stock_name,average_improvement
AMZN,-0.002345679012344949
GOOG,-0.0064197530864251425
INTC,0.00024691358024699604
MSFT,-8.77213254024815e-17
