stock_name,avg_improvement_per_trade
AMZN,-0.004938271604938693
GOOG,0.0021604938271604937
INTC,0.0006172839506173804
MSFT,0.0016049382716047944
