stock,average_improvement
AMZN,0.09617283950617099
GOOG,0.1697530864197615
INTC,0.006913580246913608
MSFT,0.008518518518518446
