stock,average_improvement
AMZN,0.07493827160493924
GOOG,0.16592592592592378
INTC,0.005185185185185338
MSFT,0.007283950617283949
