stock,average_improvement
AMZN,0.002716049382717088
GOOG,0.028641975308638382
INTC,0.0004938271604938605
MSFT,0.001481481481481406
