stock,average_improvement
AMZN,0.03419753086419731
GOOG,0.05049382716049562
INTC,0.0016049382716050136
MSFT,0.0017283950617285337
