stock,average_improvement
AMZN,0.028765432098764886
GOOG,0.05481481481481549
INTC,-0.002222222222222131
MSFT,0.0016049382716050577
