stock,average_improvement
AMZN,-0.00802469135802406
GOOG,0.016296296296294106
INTC,0.000987654320987721
MSFT,0.00148148148148145
