stock,average_improvement
AMZN,0.0027160493827160354
GOOG,0.0008641975308648151
INTC,0.0004938271604938605
MSFT,-0.00024691358024699604
