stock,average_improvement
AMZN,0.04308641975308443
GOOG,0.02481481481481751
INTC,0.0006172839506173366
MSFT,0.0011111111111111094
