stock,average_improvement
AMZN,0.0009876543209874579
GOOG,0.008024691358024411
INTC,0.0
MSFT,0.0
