stock,average_improvement
AMZN,0.0001234567901233445
GOOG,0.0055555555555547136
INTC,0.0
MSFT,0.0
