split,stock,side,trades,average_improvement,median_improvement,hit_rate,average_improvement_bps,forced_execution_rate
train,MSFT,BUY,189,0.0022751322751323674,0.0,0.2962962962962963,0.7377791315226024,0.047619047619047616
train,MSFT,SELL,189,0.001481481481481525,0.0,0.25925925925925924,0.48324888773005165,0.06878306878306878
test,MSFT,BUY,81,0.0009876543209875455,0.0,0.25925925925925924,0.3244337630444407,0.09876543209876543
test,MSFT,SELL,81,0.0016049382716047944,0.0,0.2345679012345679,0.5274070190029599,0.1111111111111111
