split,stock,trades,average_improvement,median_improvement,hit_rate,average_improvement_bps
train,AMZN,378,0.002645502645502345,0.0,0.34656084656084657,0.11804448940481088
test,AMZN,162,0.0005555555555552257,0.0,0.30864197530864196,0.024638664831014293
train,GOOG,378,0.013148148148146717,0.0,0.3968253968253968,0.22946848331476682
test,GOOG,162,0.007839506172835183,0.0,0.41975308641975306,0.13772109276744726
train,INTC,378,0.0009788359788360096,0.0,0.24338624338624337,0.35880431435668475
test,INTC,162,0.0008024691358025068,0.0,0.17901234567901234,0.2986758878173068
train,MSFT,378,0.0008994708994709555,0.0,0.22486772486772486,0.2927453733797215
test,MSFT,162,0.0006172839506171611,0.0,0.14814814814814814,0.20271402024689628
