stock,lookback_seconds,threshold_quantile,theta,train_pooled_average_improvement_bps,train_buy_average_improvement_bps,train_sell_average_improvement_bps
INTC,5,0.8,0.00010052818298442734,0.35880431435668475,0.6776545091660209,0.0399541195473484
INTC,10,0.7,8.69189571988412e-05,0.31097472711252605,0.659789614783296,-0.03784016055824396
INTC,10,0.8,0.0001759894399259389,0.30090485106684856,0.71727379585398,-0.11546409372028293
INTC,3,0.8,5.782547172135131e-05,0.300449008860714,0.6775827592417081,-0.07668474152028006
INTC,5,0.7,3.841619621235044e-05,0.30024592608810496,0.6193254223100563,-0.018833570133846393
INTC,3,0.7,1.7474177535052132e-05,0.252020985955281,0.7749792669381743,-0.2709372950276123
INTC,3,0.9,0.00014924888137319843,0.1359750071661614,0.619765278701565,-0.34781526436924226
INTC,5,0.9,0.00023011629560790354,0.06827773163516845,0.4651856296151196,-0.32863016634478276
INTC,10,0.9,0.0003377271428270934,0.029365543980581138,0.5424864953124017,-0.4837554073512395
