split,stock,side,trades,average_improvement,median_improvement,hit_rate,average_improvement_bps,forced_execution_rate
train,GOOG,BUY,189,0.02174603174602941,0.0,0.4126984126984127,0.3791239833956346,0.021164021164021163
train,GOOG,SELL,189,0.004550264550264021,0.0,0.38095238095238093,0.07981298323389906,0.05291005291005291
test,GOOG,BUY,81,0.015308641975310159,0.0,0.48148148148148145,0.2688307388434037,0.012345679012345678
test,GOOG,SELL,81,0.0003703703703602087,0.0,0.35802469135802467,0.0066114466914907796,0.037037037037037035
