split,stock,side,trades,average_improvement,median_improvement,hit_rate,average_improvement_bps,forced_execution_rate
train,INTC,BUY,189,0.0018518518518519157,0.0,0.2804232804232804,0.6776545091660209,0.047619047619047616
train,INTC,SELL,189,0.00010582010582010356,0.0,0.20634920634920634,0.0399541195473484,0.042328042328042326
test,INTC,BUY,81,0.0012345679012345416,0.0,0.18518518518518517,0.4593761895930046,0.07407407407407407
test,INTC,SELL,81,0.0003703703703704721,0.0,0.1728395061728395,0.13797558604160903,0.04938271604938271
