split,stock,trades,average_improvement,median_improvement,hit_rate,average_improvement_bps
train,AMZN,378,0.0064021164021164445,0.0,0.48148148148148145,0.2855986366879579
test,AMZN,162,-0.005555555555556117,0.0,0.47530864197530864,-0.24999335025611272
