split,stock,trades,average_improvement,median_improvement,hit_rate,average_improvement_bps
train,GOOG,378,0.013148148148146717,0.0,0.3968253968253968,0.22946848331476682
test,GOOG,162,0.007839506172835183,0.0,0.41975308641975306,0.13772109276744726
