stock,lookback_seconds,threshold_quantile,theta,train_pooled_average_improvement_bps,train_buy_average_improvement_bps,train_sell_average_improvement_bps
GOOG,5,0.8,0.00010867943520267436,0.22946848331476682,0.3791239833956346,0.07981298323389906
GOOG,10,0.9,0.00028464753250913776,0.22655024475880461,0.8702988109148545,-0.4171983213972451
GOOG,5,0.7,5.355652539620328e-05,0.19094659118300436,0.17831375336313893,0.20357942900286982
GOOG,3,0.8,7.437744595107565e-05,0.1832522080257652,0.1680877460553413,0.19841666999618915
GOOG,5,0.9,0.00019400166753363502,0.17549347462816964,0.39309669681694853,-0.04210974756060926
GOOG,10,0.7,9.613474972505196e-05,0.1643803545167002,0.31526859452790335,0.013492114505497048
GOOG,3,0.7,2.9770543535700966e-05,0.10793899576356994,0.1196969175660279,0.096181073961112
GOOG,3,0.9,0.00014671259626312475,0.07263238080866564,0.34703982146042567,-0.20177505984309438
GOOG,10,0.8,0.00016235981450324715,0.02193334181540994,0.2798791719594247,-0.2360124883286048
