split,stock,trades,average_improvement,median_improvement,hit_rate,average_improvement_bps
train,MSFT,378,0.0008994708994709555,0.0,0.22486772486772486,0.2927453733797215
test,MSFT,162,0.0006172839506171611,0.0,0.14814814814814814,0.20271402024689628
