split,stock,side,trades,average_improvement,median_improvement,hit_rate,average_improvement_bps,forced_execution_rate
train,MSFT,BUY,189,0.001904761904761958,0.0,0.25925925925925924,0.6176753485742051,0.015873015873015872
train,MSFT,SELL,189,-0.00010582010582004717,0.0,0.19047619047619047,-0.03218460181476204,0.015873015873015872
test,MSFT,BUY,81,0.0007407407407406373,0.0,0.1728395061728395,0.24359786731524724,0.037037037037037035
test,MSFT,SELL,81,0.000493827160493685,0.0,0.12345679012345678,0.1618301731785453,0.037037037037037035
