split,stock,trades,average_improvement,median_improvement,hit_rate,average_improvement_bps
train,INTC,378,0.0009788359788360096,0.0,0.24338624338624337,0.35880431435668475
test,INTC,162,0.0008024691358025068,0.0,0.17901234567901234,0.2986758878173068
