stock,lookback_seconds,threshold_quantile,theta,train_pooled_average_improvement_bps,train_buy_average_improvement_bps,train_sell_average_improvement_bps
MSFT,3,0.8,5.528398510246113e-05,0.2927453733797215,0.6176753485742051,-0.03218460181476204
MSFT,5,0.8,0.00010500708797837414,0.2668644290110999,0.7377791315226024,-0.20405027350040256
MSFT,3,0.7,1.6166920276713027e-05,0.21557974459521678,0.462981029502094,-0.031821540311660484
MSFT,5,0.7,3.7713162196724865e-05,0.2066701862533129,0.5315350844794552,-0.11819471197282934
MSFT,3,0.9,0.00016436019121390068,0.1379659146244655,0.5317578930608384,-0.2558260638119075
MSFT,10,0.8,0.00018232690189110557,0.09646648239109061,0.3098899129572706,-0.11695694817508935
MSFT,10,0.9,0.00032056967682751275,0.04284814838365792,0.44650977362902217,-0.36081347686170623
MSFT,10,0.7,8.93423515536895e-05,0.027985060939556678,0.2932813170489784,-0.23731119516986512
MSFT,5,0.9,0.00024730901016004243,0.026173309907504078,0.5479019990547218,-0.49555537923971354
