split,stock,trades,average_improvement,median_improvement,hit_rate,average_improvement_bps
train,MSFT,378,0.0018783068783069464,0.0,0.2777777777777778,0.6105140096263271
test,MSFT,162,0.00129629629629617,0.0,0.24691358024691357,0.4259203910237003
