split,stock,side,trades,average_improvement,median_improvement,hit_rate,average_improvement_bps,forced_execution_rate
train,INTC,BUY,189,0.0022222222222221372,0.0,0.3915343915343915,0.813431779735832,0.5608465608465608
train,INTC,SELL,189,0.0011111111111111343,0.0,0.24867724867724866,0.40890822817722244,0.19047619047619047
test,INTC,BUY,81,0.0018518518518518782,0.0,0.345679012345679,0.6870084385802006,0.8271604938271605
test,INTC,SELL,81,0.0006172839506173804,0.0,0.2716049382716049,0.2301918715916497,0.32098765432098764
