split,stock,side,trades,average_improvement,median_improvement,hit_rate,average_improvement_bps,forced_execution_rate
train,GOOG,BUY,189,0.05063492063491729,0.030000000000086402,0.5396825396825397,0.882234811246727,0.5185185185185185
train,GOOG,SELL,189,0.016613756613758947,0.0,0.36507936507936506,0.29011712302566434,0.3968253968253968
test,GOOG,BUY,81,0.020617283950619587,0.009999999999990905,0.5061728395061729,0.36153028792205244,0.8395061728395061
test,GOOG,SELL,81,0.021604938271604937,0.0,0.38271604938271603,0.38000009496546333,0.43209876543209874
