split,stock,trades,average_improvement,median_improvement,hit_rate,average_improvement_bps
train,GOOG,378,0.03362433862433812,0.0,0.4523809523809524,0.5861759671361956
test,GOOG,162,0.021111111111112264,0.0,0.4444444444444444,0.3707651914437579
