split,stock,trades,average_improvement,median_improvement,hit_rate,average_improvement_bps
train,INTC,378,0.0016666666666666358,0.0,0.3201058201058201,0.6111700039565273
test,INTC,162,0.0012345679012346292,0.0,0.30864197530864196,0.4586001550859251
