split,stock,trades,average_improvement,median_improvement,hit_rate,average_improvement_bps
train,AMZN,378,0.0064021164021164445,0.0,0.48148148148148145,0.2855986366879579
test,AMZN,162,-0.005555555555556117,0.0,0.47530864197530864,-0.24999335025611272
train,GOOG,378,0.03362433862433812,0.0,0.4523809523809524,0.5861759671361956
test,GOOG,162,0.021111111111112264,0.0,0.4444444444444444,0.3707651914437579
train,INTC,378,0.0016666666666666358,0.0,0.3201058201058201,0.6111700039565273
test,INTC,162,0.0012345679012346292,0.0,0.30864197530864196,0.4586001550859251
train,MSFT,378,0.0018783068783069464,0.0,0.2777777777777778,0.6105140096263271
test,MSFT,162,0.00129629629629617,0.0,0.24691358024691357,0.4259203910237003
