split,stock,side,trades,average_improvement,median_improvement,hit_rate,average_improvement_bps,forced_execution_rate
train,AMZN,BUY,189,0.005661375661374873,0.010000000000019327,0.5132275132275133,0.25093119862481683,0.31746031746031744
train,AMZN,SELL,189,0.007142857142858015,0.0,0.4497354497354497,0.32026607475109886,0.31216931216931215
test,AMZN,BUY,81,-0.006172839506173541,0.010000000000019327,0.5308641975308642,-0.2790025263307952,0.5802469135802469
test,AMZN,SELL,81,-0.004938271604938693,0.0,0.41975308641975306,-0.2209841741814302,0.5925925925925926
