Stock,TWAP Buy,Stoikov Buy,Buy Improvement,TWAP Sell,Stoikov Sell,Sell Improvement,Best Buy Gamma,Best Sell Gamma,Buy Trigger Rate,Sell Trigger Rate
AMZN,223.51937,223.512444,0.006926,223.380481,223.373704,-0.006778,0.0001,0.0001,0.0,0.0
GOOG,572.593259,572.551111,0.042148,572.300222,572.259926,-0.040296,0.0001,0.0001,0.0,0.0
INTC,27.160778,27.158185,0.002593,27.150556,27.148,-0.002556,0.0001,0.0001,0.0,0.0
MSFT,30.684556,30.682519,0.002037,30.67437,30.672444,-0.001926,0.0001,0.0001,0.0,0.0
Overall Avg,213.489491,213.476065,0.013426,213.376407,213.363519,-0.012889,0.0001,0.0001,0.0,0.0
