split,stock,side,trades,average_improvement,median_improvement,hit_rate,average_improvement_bps,forced_execution_rate
train,AMZN,BUY,189,0.0038095238095229014,0.0,0.38095238095238093,0.16988612973440112,0.005291005291005291
train,AMZN,SELL,189,0.0014814814814817882,0.0,0.31216931216931215,0.06620284907522063,0.0
test,AMZN,BUY,81,0.0070370370370366015,0.0,0.37037037037037035,0.31590158733886325,0.0
test,AMZN,SELL,81,-0.00592592592592615,0.0,0.24691358024691357,-0.26662425767683473,0.0
