split,stock,trades,average_improvement,median_improvement,hit_rate,average_improvement_bps
train,AMZN,378,0.002645502645502345,0.0,0.34656084656084657,0.11804448940481088
test,AMZN,162,0.0005555555555552257,0.0,0.30864197530864196,0.024638664831014293
